ID,Point,State,Source_date
PA_0001,10,Détruit !,septembre 2018 (spott)
PA_0002,10,OK,juin 2019 (spott)
PA_0003,10,OK,octobre 2019 (report)
PA_0004,10,Dégradé,mai 2020
PA_0005,10,Dégradé,novembre 2020 (Live FlashInvaders)
PA_0006,10,Très dégradé,juillet 2022
PA_0007,10,OK,juin 2018 (spott)
PA_0008,10,OK,septembre 2018 (spott)
PA_0009,10,Détruit !,avril 2015 (spott)
PA_0010,10,OK,décembre 2018 (spott)
PA_0011,10,Détruit !,juillet 2015 (spott)
PA_0012,10,Détruit !,juillet 2015 (spott)
PA_0013,10,OK,octobre 2019 (report)
PA_0014,10,Un peu dégradé,avril 2022 (report)
PA_0015,10,OK,septembre 2019 (report)
PA_0016,10,OK,juillet 2021 (Instagram)
PA_0017,10,Dégradé,février 2021 (report)
PA_0018,10,OK,décembre 2018 (spott)
PA_0019,10,Détruit !,octobre 2022
PA_0020,10,Détruit !,août 2018 (report)
PA_0021,10,OK,août 2019 (spott)
PA_0022,10,OK,avril 2015 (spott)
PA_0023,10,OK,juin 2021 (report)
PA_0024,10,OK,mai 2019 (report)
PA_0025,10,OK,décembre 2018 (spott)
PA_0026,10,Détruit !,septembre 2022
PA_0027,10,Détruit !,avril 2019 (report)
PA_0028,10,OK,juin 2018 (report)
PA_0029,20,OK,juin 2018 (spott)
PA_0030,10,Dégradé,mai 2022
PA_0031,10,OK,mai 2020
PA_0032,10,Un peu dégradé,avril 2015 (spott)
PA_0033,10,Détruit !,juillet 2015 (spott)
PA_0034,10,OK,octobre 2021 (report)
PA_0035,30,OK,mai 2020 (report)
PA_0036,10,Un peu dégradé,septembre 2017 (report)
PA_0037,10,OK,septembre 2018 (spott)
PA_0038,10,Détruit !,septembre 2022
PA_0039,10,Détruit !,mai 2020
PA_0040,10,Dégradé,octobre 2020 (report)
PA_0041,10,OK,juillet 2016 (spott)
PA_0042,10,OK,octobre 2021 (report)
PA_0043,10,OK,août 2019 (report)
PA_0044,10,OK,septembre 2019 (report)
PA_0045,10,Détruit !,juillet 2022
PA_0046,10,Détruit !,avril 2022
PA_0047,10,OK,mi-septembre 2020 (report)
PA_0048,20,OK,septembre 2018 (spott)
PA_0049,10,Dégradé,mai 2019 (report)
PA_0050,10,OK,avril 2022
PA_0051,10,OK,novembre 2019 (report)
PA_0052,50,Détruit !,avril 2015 (spott)
PA_0053,10,Dégradé,décembre 2020 (report)
PA_0054,10,Détruit !,avril 2015 (spott)
PA_0055,10,OK,février 2019 (report)
PA_0056,10,OK,juin 2022 (report)
PA_0057,10,Détruit !,septembre 2022
PA_0058,10,OK,septembre 2022
PA_0059,10,Dégradé,juillet 2018 (Instagram)
PA_0060,10,Détruit !,février 2022
PA_0061,10,OK,mai 2021 (Instagram)
PA_0062,10,Un peu dégradé,juillet 2022
PA_0063,10,OK,septembre 2018 (report)
PA_0064,10,Dégradé,juin 2022
PA_0065,10,Dégradé,septembre 2022
PA_0066,10,OK,août 2019 (report)
PA_0067,10,OK,octobre 2022 (Instagram)
PA_0068,10,OK,août 2019 (report)
PA_0069,10,Un peu dégradé,septembre 2022
PA_0070,10,Dégradé,août 2022
PA_0071,20,OK,juillet 2019 (report)
PA_0072,10,OK,octobre 2019 (report)
PA_0073,10,Un peu dégradé,avril 2015 (spott)
PA_0074,50,OK,février 2020 (spott)
PA_0075,10,Détruit !,septembre 2022
PA_0076,10,OK,février 2019 (report)
PA_0077,10,OK,mars 2015 (spott)
PA_0078,10,Dégradé,juin 2017 (flash)
PA_0079,10,OK,septembre 2016 (spott)
PA_0080,10,OK,novembre 2019 (report)
PA_0081,30,OK,novembre 2019 (report)
PA_0082,10,OK,juillet 2019 (spott)
PA_0083,10,Un peu dégradé,mars 2021 (Live FlashInvaders)
PA_0084,10,Détruit !,octobre 2020 (report)
PA_0085,20,OK,novembre 2019 (report)
PA_0086,10,Détruit !,août 2022
PA_0087,10,Un peu dégradé,septembre 2022
PA_0088,30,Détruit !,juillet 2022
PA_0089,10,Dégradé,juillet 2022
PA_0090,10,Détruit !,juillet 2022
PA_0091,10,OK,février 2020 (spott)
PA_0092,10,Dégradé,août 2022
PA_0093,10,Détruit !,septembre 2022
PA_0094,10,Détruit !,mai 2020 (report)
PA_0095,10,OK,juillet 2019 (report)
PA_0096,10,Détruit !,avril 2015 (spott)
PA_0097,10,OK,septembre 2018 (spott)
PA_0098,10,OK,mai 2020
PA_0099,10,OK,juin 2018 (spott)
PA_0100,50,Un peu dégradé,octobre 2022 (report)
PA_0101,10,Détruit !,avril 2015 (spott)
PA_0102,30,OK,novembre 2021 (Instagram)
PA_0103,30,OK,janvier 2019 (spott)
PA_0104,30,OK,septembre 2019 (report)
PA_0105,20,Détruit !,avril 2022
PA_0106,10,Un peu dégradé,décembre 2018 (spott)
PA_0107,20,Détruit !,juillet 2020 (report)
PA_0108,30,OK,juin 2022
PA_0109,30,OK,octobre 2019 (spott)
PA_0110,20,OK,juin 2019 (Instagram)
PA_0111,10,OK,septembre 2021 (report)
PA_0112,10,OK,juin 2019 (report)
PA_0113,10,Un peu dégradé,octobre 2022
PA_0114,30,OK,juin 2019 (spott)
PA_0115,30,OK,juillet 2018 (report)
PA_0116,20,Dégradé,septembre 2022 (FlashInvaders)
PA_0117,10,Détruit !,septembre 2022
PA_0118,10,Détruit !,mars 2021 (report)
PA_0119,10,OK,septembre 2017 (spott)
PA_0120,30,OK,novembre 2021 (Instagram)
PA_0121,10,OK,octobre 2018 (spott)
PA_0122,20,Un peu dégradé,août 2022
PA_0123,20,OK,mai 2020
PA_0124,10,OK,mars 2019 (spott)
PA_0125,20,Détruit !,octobre 2020 (report)
PA_0126,10,OK,décembre 2018 (spott)
PA_0127,30,OK,mai 2020
PA_0128,10,OK,décembre 2020 (report)
PA_0129,10,OK,février 2020 (report)
PA_0130,10,OK,février 2020 (report)
PA_0131,20,OK,avril 2015 (spott)
PA_0132,30,OK,juin 2016 (spott)
PA_0133,30,OK,octobre 2018 (spott)
PA_0134,10,Détruit !,mars 2018 (report)
PA_0135,30,Détruit !,avril 2021 (report)
PA_0136,30,Détruit !,septembre 2021 (report)
PA_0137,30,Détruit !,septembre 2021 (report)
PA_0138,30,Détruit !,septembre 2021 (report)
PA_0139,30,Détruit !,septembre 2021 (report)
PA_0140,30,Détruit !,septembre 2021 (report)
PA_0141,30,Détruit !,septembre 2021 (report)
PA_0142,30,Détruit !,septembre 2021 (report)
PA_0143,30,OK,juin 2020
PA_0144,10,Dégradé,mai 2022
PA_0145,20,OK,juin 2018 (spott)
PA_0146,30,OK,août 2018 (report)
PA_0147,10,Détruit !,octobre 2022
PA_0148,30,OK,juin 2018 (spott)
PA_0149,10,OK,avril 2019 (report)
PA_0150,10,OK,octobre 2019 (report)
PA_0151,10,OK,juillet 2019 (report)
PA_0152,10,Détruit !,septembre 2022
PA_0153,10,Détruit !,avril 2015 (spott)
PA_0154,50,Détruit !,septembre 2019 (report)
PA_0155,10,Dégradé,avril 2015 (spott)
PA_0156,20,OK,octobre 2019 (report)
PA_0157,10,Un peu dégradé,mai 2022
PA_0158,20,OK,juin 2017 (spott)
PA_0159,20,OK,juin 2018 (spott)
PA_0160,10,OK,septembre 2021 (report)
PA_0161,20,OK,juillet 2018 (report)
PA_0162,30,OK,novembre 2021 (Instagram)
PA_0163,20,Détruit !,août 2022
PA_0164,30,Détruit !,avril 2015 (spott)
PA_0165,20,OK,décembre 2018 (spott)
PA_0166,50,OK,juillet 2015 (spott)
PA_0167,10,Détruit !,septembre 2022 (report)
PA_0168,20,Détruit !,septembre 2022 (report)
PA_0169,20,OK,septembre 2021 (report)
PA_0170,50,OK,mai 2020
PA_0171,30,OK,juin 2020
PA_0172,20,OK,juin 2018 (spott)
PA_0173,10,Très dégradé,décembre 2021 (report)
PA_0174,30,OK,mai 2020
PA_0175,20,OK,juin 2021 (report)
PA_0176,20,OK,octobre 2018 (spott)
PA_0177,20,OK,novembre 2019 (spott)
PA_0178,30,OK,juillet 2016 (spott)
PA_0179,10,Détruit !,avril 2021 (report)
PA_0180,20,OK,juin 2020
PA_0181,10,Dégradé,octobre 2018 (spott)
PA_0182,20,OK,juin 2019 (report)
PA_0183,10,Un peu dégradé,juin 2016 (spott)
PA_0184,10,OK,juillet 2019 (report)
PA_0185,10,OK,octobre 2019 (report)
PA_0186,10,OK,mai 2020
PA_0187,10,OK,août 2022 (report)
PA_0188,30,Non visible,avril 2022 (report)
PA_0189,50,OK,octobre 2019 (report)
PA_0190,10,OK,juin 2020 (report)
PA_0191,10,Très dégradé,juillet 2022
PA_0192,10,OK,mai 2020 (report)
PA_0193,20,OK,octobre 2018 (report)
PA_0194,10,OK,mai 2019 (report)
PA_0195,20,OK,août 2021 (report)
PA_0196,30,OK,mai 2019 (spott)
PA_0197,30,OK,mai 2020
PA_0198,20,OK,mars 2021 (Instagram)
PA_0199,10,Détruit !,juin 2018 (spott)
PA_0200,10,Très dégradé,août 2020
PA_0201,30,Détruit !,août 2022 (report)
PA_0202,50,OK,mai 2020
PA_0203,50,Détruit !,octobre 2022
PA_0204,10,Détruit !,août 2021 (Instagram)
PA_0205,20,Détruit !,décembre 2020 (report)
PA_0206,20,Détruit !,août 2022 (report)
PA_0207,20,OK,mai 2019 (report)
PA_0208,10,Détruit !,août 2022
PA_0209,30,Dégradé,février 2019 (report)
PA_0210,20,OK,novembre 2019 (report)
PA_0211,30,OK,septembre 2018 (spott)
PA_0212,20,OK,juin 2018 (report)
PA_0213,50,Détruit !,août 2022
PA_0214,10,Détruit !,avril 2015 (spott)
PA_0215,10,Détruit !,octobre 2019 (report)
PA_0216,30,OK,avril 2015 (spott)
PA_0217,50,OK,avril 2020 (report)
PA_0218,20,OK,octobre 2018 (spott)
PA_0219,10,Détruit !,mai 2020
PA_0220,30,OK,juin 2018 (flash)
PA_0221,10,Un peu dégradé,janvier 2021 (report)
PA_0222,20,OK,juin 2016 (spott)
PA_0223,20,OK,octobre 2019 (report)
PA_0224,10,Détruit !,mai 2020
PA_0225,10,Dégradé,mai 2020
PA_0226,20,OK,juin 2018 (report)
PA_0227,10,OK,novembre 2019 (report)
PA_0228,30,OK,octobre 2019 (report)
PA_0229,10,Dégradé,juillet 2022
PA_0230,10,OK,janvier 2022 (report)
PA_0231,20,OK,juin 2016 (spott)
PA_0232,20,OK,juin 2018 (spott)
PA_0233,10,Un peu dégradé,juillet 2022
PA_0234,10,Détruit !,septembre 2022
PA_0235,10,OK,mai 2020
PA_0236,20,OK,juin 2018 (spott)
PA_0237,20,Détruit !,mars 2021 (report)
PA_0238,10,OK,juin 2018 (spott)
PA_0239,10,Détruit !,juillet 2015 (spott)
PA_0240,20,OK,octobre 2019 (report)
PA_0241,20,OK,août 2021 (report)
PA_0242,20,Détruit !,mars 2021 (report)
PA_0243,20,OK,mars 2021 (Instagram)
PA_0244,20,Détruit !,juillet 2015 (spott)
PA_0245,10,OK,avril 2015 (spott)
PA_0246,10,Détruit !,juillet 2022
PA_0247,20,OK,mars 2017 (spott)
PA_0248,10,Un peu dégradé,décembre 2018 (spott)
PA_0249,10,OK,mars 2022 (Instagram)
PA_0250,10,OK,octobre 2019 (report)
PA_0251,10,Détruit !,septembre 2022
PA_0252,20,Détruit !,juillet 2022
PA_0253,30,OK,octobre 2018 (spott)
PA_0254,20,Très dégradé,septembre 2021 (report)
PA_0255,20,OK,mai 2021 (report)
PA_0256,10,Détruit !,octobre 2022
PA_0257,10,Détruit !,juin 2022
PA_0258,20,Dégradé,juin 2022
PA_0259,10,OK,novembre 2019 (report)
PA_0260,10,Un peu dégradé,juillet 2022
PA_0261,10,OK,juillet 2020
PA_0262,10,Détruit !,juillet 2019 (spott)
PA_0263,10,Détruit !,mai 2021 (report)
PA_0264,10,OK,avril 2019 (report)
PA_0265,10,Détruit !,octobre 2022
PA_0266,10,Détruit !,juin 2022
PA_0267,10,Détruit !,octobre 2022
PA_0268,20,OK,décembre 2017 (spott)
PA_0269,30,OK,juillet 2015 (spott)
PA_0270,10,OK,août 2019 (spott)
PA_0271,10,OK,avril 2019 (report)
PA_0272,20,OK,septembre 2018 (spott)
PA_0273,20,OK,mai 2022
PA_0274,20,OK,juillet 2022 (Instagram)
PA_0275,20,OK,septembre 2018 (spott)
PA_0276,30,Détruit !,
PA_0277,50,OK,novembre 2019 (report)
PA_0278,20,OK,septembre 2018 (report)
PA_0279,10,Détruit !,janvier 2022 (report)
PA_0280,10,OK,mars 2021 (Instagram)
PA_0281,10,Détruit !,avril 2015 (spott)
PA_0282,20,OK,juin 2019 (spott)
PA_0283,10,Dégradé,mai 2020 (report)
PA_0284,20,Non visible,
PA_0285,10,OK,juillet 2019 (report)
PA_0286,10,OK,septembre 2021 (report)
PA_0287,10,Détruit !,juillet 2022
PA_0288,10,Un peu dégradé,juin 2022
PA_0289,10,Détruit !,
PA_0290,10,Détruit !,juillet 2021 (report)
PA_0291,20,OK,mars 2021 (Instagram)
PA_0292,30,OK,janvier 2021 (report)
PA_0293,10,Dégradé,avril 2021 (report)
PA_0294,20,OK,juin 2019 (spott)
PA_0295,50,Un peu dégradé,mars 2021 (report)
PA_0296,10,Très dégradé,juillet 2022
PA_0297,10,OK,juin 2020
PA_0298,10,Un peu dégradé,avril 2022 (Live FlashInvaders)
PA_0299,10,Très dégradé,avril 2022 (report)
PA_0300,10,Très dégradé,octobre 2022 (report)
PA_0301,10,OK,janvier 2021 (report)
PA_0302,10,Un peu dégradé,octobre 2019 (report)
PA_0303,10,OK,juin 2018 (spott)
PA_0304,20,Détruit !,septembre 2022
PA_0305,20,OK,août 2022
PA_0306,50,Détruit !,janvier 2021 (report)
PA_0307,30,Dégradé,juillet 2022
PA_0308,10,OK,février 2018 (report)
PA_0309,20,OK,décembre 2018 (report)
PA_0310,20,OK,avril 2019 (report)
PA_0311,20,Détruit !,décembre 2018 (report)
PA_0312,10,OK,mai 2022 (report)
PA_0313,10,Très dégradé,août 2022
PA_0314,10,Détruit !,mars 2015 (spott)
PA_0315,10,OK,juin 2022 (report)
PA_0316,10,OK,octobre 2019 (report)
PA_0317,20,Détruit !,août 2022
PA_0318,20,OK,juillet 2021 (Instagram)
PA_0319,30,OK,octobre 2021 (report)
PA_0320,50,OK,octobre 2018 (spott)
PA_0321,10,OK,décembre 2020 (Live FlashInvaders)
PA_0322,10,OK,août 2019 (report)
PA_0323,20,OK,novembre 2019 (report)
PA_0324,10,Très dégradé,juillet 2021 (report)
PA_0325,10,OK,janvier 2021 (Instagram)
PA_0326,50,OK,septembre 2019 (report)
PA_0327,10,OK,septembre 2018 (spott)
PA_0328,20,Dégradé,août 2022
PA_0329,20,OK,septembre 2017 (spott)
PA_0330,10,OK,septembre 2018 (spott)
PA_0331,10,OK,mars 2018 (report)
PA_0332,20,OK,août 2018 (report)
PA_0333,30,OK,juillet 2019 (spott)
PA_0334,20,OK,mars 2019 (report)
PA_0335,10,OK,octobre 2019 (report)
PA_0336,10,OK,juillet 2018 (report)
PA_0337,20,Détruit !,avril 2021 (report)
PA_0338,10,Détruit !,août 2022
PA_0339,10,OK,mars 2021 (Instagram)
PA_0340,50,Détruit !,août 2022
PA_0341,50,Un peu dégradé,septembre 2022
PA_0342,30,OK,septembre 2019 (report)
PA_0343,10,OK,mars 2019 (spott)
PA_0344,30,OK,juin 2022
PA_0345,20,OK,janvier 2019 (report)
PA_0346,20,OK,juin 2019 (report)
PA_0347,30,OK,juin 2016 (spott)
PA_0348,30,OK,janvier 2020 (spott)
PA_0349,20,OK,octobre 2018 (spott)
PA_0350,10,Dégradé,septembre 2017 (report)
PA_0351,20,OK,avril 2019 (report)
PA_0352,10,Détruit !,septembre 2022
PA_0353,20,OK,décembre 2020 (Live FlashInvaders)
PA_0354,20,OK,septembre 2016 (spott)
PA_0355,30,Non visible,juillet 2022
PA_0356,30,OK,août 2020
PA_0357,10,Dégradé,juillet 2022
PA_0358,10,Détruit !,janvier 2021 (report)
PA_0359,20,OK,janvier 2019 (spott)
PA_0360,10,OK,mai 2019 (report)
PA_0361,20,OK,septembre 2020
PA_0362,30,OK,septembre 2022
PA_0363,30,OK,juillet 2019 (report)
PA_0364,10,OK,juin 2019 (report)
PA_0365,10,OK,juillet 2019 (report)
PA_0366,10,OK,septembre 2016 (spott)
PA_0367,20,Détruit !,août 2022
PA_0368,10,Détruit !,avril 2015 (spott)
PA_0369,30,OK,août 2018 (report)
PA_0370,20,OK,mars 2022 (Instagram)
PA_0371,10,Détruit !,juillet 2022
PA_0372,30,OK,octobre 2018 (spott)
PA_0373,10,OK,septembre 2018 (spott)
PA_0374,10,OK,octobre 2019 (report)
PA_0375,10,OK,mai 2019 (report)
PA_0376,10,OK,juin 2019 (Instagram)
PA_0377,30,OK,octobre 2019 (report)
PA_0378,30,OK,août 2018 (report)
PA_0379,20,OK,juillet 2018 (report)
PA_0380,50,OK,juillet 2019 (report)
PA_0381,10,Dégradé,août 2022
PA_0382,10,OK,janvier 2021 (report)
PA_0383,20,Détruit !,avril 2015 (spott)
PA_0384,30,OK,août 2020 (report)
PA_0385,10,OK,octobre 2018 (spott)
PA_0386,20,OK,juillet 2019 (spott)
PA_0387,10,Un peu dégradé,septembre 2022 (FlashInvaders)
PA_0388,30,OK,juillet 2022
PA_0389,30,OK,octobre 2019 (report)
PA_0390,10,OK,octobre 2019 (report)
PA_0391,30,OK,janvier 2016 (spott)
PA_0392,30,OK,août 2019 (report)
PA_0393,30,Détruit !,octobre 2022
PA_0394,50,Dégradé,septembre 2021 (report)
PA_0395,10,OK,janvier 2016 (spott)
PA_0396,20,Détruit !,mars 2019 (report)
PA_0397,30,OK,janvier 2020 (spott)
PA_0398,20,OK,septembre 2019 (report)
PA_0399,10,OK,juin 2022
PA_0400,10,OK,octobre 2018 (spott)
PA_0401,10,OK,septembre 2018 (spott)
PA_0402,10,OK,juin 2018 (spott)
PA_0403,10,Dégradé,juillet 2022
PA_0404,20,Un peu dégradé,février 2021 (report)
PA_0405,50,Un peu dégradé,septembre 2022
PA_0406,10,OK,novembre 2018 (report)
PA_0407,30,Détruit !,septembre 2017 (report)
PA_0408,10,Détruit !,juin 2019 (report)
PA_0409,10,Non visible,février 2019 (report)
PA_0410,10,Très dégradé,juillet 2022
PA_0411,10,Dégradé,février 2021 (report)
PA_0412,10,Détruit !,février 2020 (report)
PA_0413,10,OK,avril 2019 (spott)
PA_0414,10,OK,juin 2019 (report)
PA_0415,10,OK,juillet 2019 (spott)
PA_0416,10,OK,juin 2018 (spott)
PA_0417,50,OK,octobre 2022 (Instagram)
PA_0418,10,OK,septembre 2021 (report)
PA_0419,10,OK,octobre 2021 (report)
PA_0420,10,OK,mai 2019 (report)
PA_0421,20,OK,décembre 2018 (spott)
PA_0422,10,OK,août 2019 (report)
PA_0423,20,OK,mars 2019 (spott)
PA_0424,20,OK,octobre 2018 (spott)
PA_0425,50,OK,mai 2020
PA_0426,30,Dégradé,mars 2019 (spott)
PA_0427,30,OK,juin 2021 (Instagram)
PA_0428,20,Détruit !,juillet 2021 (report)
PA_0429,10,OK,juin 2019 (report)
PA_0430,20,OK,décembre 2017 (spott)
PA_0431,10,OK,février 2021 (report)
PA_0432,10,OK,août 2021 (Live FlashInvaders)
PA_0433,10,OK,novembre 2018 (report)
PA_0434,30,Détruit !,septembre 2020
PA_0435,50,OK,décembre 2021 (Instagram)
PA_0436,50,OK,septembre 2020
PA_0437,20,OK,mars 2021 (Instagram)
PA_0438,20,OK,mai 2021 (report)
PA_0439,10,OK,mai 2019 (spott)
PA_0440,10,Détruit !,octobre 2022
PA_0441,50,OK,août 2022 (report)
PA_0442,20,OK,juin 2018 (spott)
PA_0443,10,OK,octobre 2019 (report)
PA_0444,20,OK,octobre 2019 (report)
PA_0445,10,OK,septembre 2019 (report)
PA_0446,10,Dégradé,octobre 2019 (report)
PA_0447,10,OK,juillet 2018 (report)
PA_0448,20,OK,juillet 2020 (report)
PA_0449,10,OK,juin 2017 (spott)
PA_0450,20,OK,juin 2018 (spott)
PA_0451,10,OK,septembre 2018 (spott)
PA_0452,10,Un peu dégradé,novembre 2018 (report)
PA_0453,30,OK,juin 2016 (spott)
PA_0454,30,OK,juin 2019 (report)
PA_0455,30,Un peu dégradé,septembre 2022
PA_0456,10,OK,mars 2019 (report)
PA_0457,10,Détruit !,mars 2022 (report)
PA_0458,20,OK,septembre 2016 (spott)
PA_0459,30,OK,octobre 2018 (spott)
PA_0460,10,OK,octobre 2018 (spott)
PA_0461,30,OK,mai 2019 (report)
PA_0462,20,OK,juillet 2019 (report)
PA_0463,50,Détruit !,mars 2015 (spott)
PA_0464,10,OK,juin 2019 (spott)
PA_0465,20,OK,août 2018 (report)
PA_0466,30,OK,décembre 2018 (spott)
PA_0467,30,Un peu dégradé,février 2021 (report)
PA_0468,10,OK,juillet 2019 (report)
PA_0469,20,Détruit !,mars 2015 (spott)
PA_0470,30,OK,juillet 2019 (report)
PA_0471,30,OK,avril 2015 (spott)
PA_0472,20,OK,octobre 2019 (spott)
PA_0473,30,OK,février 2018 (report)
PA_0474,10,OK,novembre 2020 (report)
PA_0475,20,OK,juin 2019 (report)
PA_0476,10,OK,juillet 2018 (report)
PA_0477,30,OK,juin 2018 (report)
PA_0478,50,Dégradé,juillet 2019 (report)
PA_0479,10,Détruit !,septembre 2022
PA_0480,50,OK,octobre 2019 (report)
PA_0481,20,OK,octobre 2022 (report)
PA_0482,20,OK,juin 2019 (spott)
PA_0483,20,OK,juillet 2019 (spott)
PA_0484,20,OK,octobre 2019 (report)
PA_0485,10,OK,mars 2019 (report)
PA_0486,20,OK,février 2018 (spott)
PA_0487,20,Dégradé,juillet 2022
PA_0488,10,OK,septembre 2016 (spott)
PA_0489,30,OK,octobre 2019 (report)
PA_0490,50,OK,janvier 2016 (spott)
PA_0491,50,Détruit !,juillet 2015 (spott)
PA_0492,20,OK,septembre 2017 (spott)
PA_0493,10,OK,septembre 2018 (spott)
PA_0494,10,OK,mars 2019 (report)
PA_0495,20,OK,septembre 2016 (spott)
PA_0496,10,OK,avril 2019 (spott)
PA_0497,50,OK,décembre 2020 (report)
PA_0498,10,OK,octobre 2016 (spott)
PA_0499,20,OK,mars 2019 (spott)
PA_0500,50,Détruit !,août 2022
PA_0501,20,Un peu dégradé,mai 2021 (report)
PA_0502,10,Un peu dégradé,août 2022
PA_0503,10,OK,juillet 2018 (report)
PA_0504,20,OK,août 2021 (Live FlashInvaders)
PA_0505,20,Dégradé,octobre 2019 (report)
PA_0506,20,OK,août 2022 (report)
PA_0507,50,OK,avril 2018 (Instagram)
PA_0508,10,OK,février 2019 (report)
PA_0509,30,Détruit !,septembre 2022
PA_0510,30,OK,juin 2019 (spott)
PA_0511,10,Détruit !,avril 2015 (spott)
PA_0512,20,Détruit !,avril 2015 (spott)
PA_0513,10,Détruit !,avril 2015 (spott)
PA_0514,10,OK,juin 2020 (report)
PA_0515,20,OK,juillet 2019 (spott)
PA_0516,10,OK,avril 2019 (report)
PA_0517,10,OK,juillet 2018 (report)
PA_0518,50,Détruit !,avril 2015 (spott)
PA_0519,10,Détruit !,novembre 2018 (report)
PA_0520,20,OK,juillet 2019 (spott)
PA_0521,20,OK,juin 2018 (spott)
PA_0522,10,Détruit !,août 2020 (report)
PA_0523,20,OK,juin 2019 (report)
PA_0524,50,Un peu dégradé,mars 2021 (report)
PA_0525,20,OK,octobre 2019 (report)
PA_0526,30,OK,septembre 2017 (spott)
PA_0527,10,OK,septembre 2018 (spott)
PA_0528,50,OK,novembre 2019 (report)
PA_0529,10,OK,juin 2019 (spott)
PA_0530,20,OK,mars 2019 (spott)
PA_0531,30,OK,avril 2019 (report)
PA_0532,20,OK,mai 2019 (report)
PA_0533,30,OK,mars 2019 (spott)
PA_0534,20,OK,octobre 2018 (spott)
PA_0535,30,OK,janvier 2016 (spott)
PA_0536,30,OK,septembre 2018 (spott)
PA_0537,20,Détruit !,septembre 2022 (report)
PA_0538,20,Non visible,
PA_0539,10,OK,décembre 2018 (spott)
PA_0540,10,OK,juin 2018 (spott)
PA_0541,20,Très dégradé,octobre 2022 (report)
PA_0542,50,Très dégradé,avril 2022
PA_0543,50,OK,août 2019 (report)
PA_0544,30,OK,septembre 2020 (Instagram)
PA_0545,20,OK,septembre 2018 (spott)
PA_0546,30,Détruit !,septembre 2018 (spott)
PA_0547,10,Dégradé,février 2021 (report)
PA_0548,20,OK,décembre 2018 (spott)
PA_0549,10,Un peu dégradé,août 2021 (report)
PA_0550,50,Dégradé,septembre 2022 (report)
PA_0551,10,Détruit !,mai 2022
PA_0552,20,OK,janvier 2016 (spott)
PA_0553,50,OK,septembre 2019 (report)
PA_0554,20,Détruit !,octobre 2022
PA_0555,50,Détruit !,juin 2021 (report)
PA_0556,30,OK,mars 2019 (spott)
PA_0557,20,Très dégradé,juin 2019 (report)
PA_0558,10,Très dégradé,avril 2022
PA_0559,20,OK,décembre 2020 (report)
PA_0560,10,OK,juillet 2018 (report)
PA_0561,10,Détruit !,juillet 2015 (spott)
PA_0562,20,OK,septembre 2019 (report)
PA_0563,30,OK,octobre 2019 (report)
PA_0564,20,OK,octobre 2018 (spott)
PA_0565,20,OK,avril 2015 (spott)
PA_0566,20,OK,octobre 2019 (report)
PA_0567,30,Dégradé,octobre 2019 (report)
PA_0568,30,Un peu dégradé,janvier 2021 (report)
PA_0569,20,Dégradé,septembre 2022 (report)
PA_0570,20,OK,juillet 2019 (report)
PA_0571,10,OK,mars 2020 (report)
PA_0572,30,OK,avril 2019 (report)
PA_0573,50,OK,mai 2019 (report)
PA_0574,30,OK,juillet 2019 (spott)
PA_0575,50,Dégradé,décembre 2018 (report)
PA_0576,20,OK,octobre 2019 (report)
PA_0577,10,OK,mai 2019 (report)
PA_0578,20,Très dégradé,août 2022 (report)
PA_0579,20,OK,octobre 2019 (report)
PA_0580,20,OK,juin 2019 (spott)
PA_0581,20,OK,juillet 2019 (spott)
PA_0582,20,Détruit !,août 2022
PA_0583,20,OK,octobre 2019 (report)
PA_0584,20,Détruit !,février 2021
PA_0585,20,OK,mars 2019 (report)
PA_0586,20,OK,septembre 2018 (spott)
PA_0587,30,OK,octobre 2019 (spott)
PA_0588,10,OK,décembre 2018 (spott)
PA_0589,20,OK,octobre 2019 (report)
PA_0590,50,OK,septembre 2018 (spott)
PA_0591,20,OK,décembre 2018 (spott)
PA_0592,20,OK,octobre 2019 (report)
PA_0593,20,OK,avril 2019 (report)
PA_0594,30,OK,avril 2019 (report)
PA_0595,10,OK,septembre 2020 (report)
PA_0596,10,Très dégradé,avril 2022
PA_0597,10,Détruit !,août 2022
PA_0598,10,OK,juillet 2019 (report)
PA_0599,20,OK,octobre 2019 (report)
PA_0600,30,OK,septembre 2018 (spott)
PA_0601,20,OK,décembre 2018 (spott)
PA_0602,30,OK,octobre 2019 (report)
PA_0603,20,Non visible,mars 2022 (report)
PA_0604,20,OK,avril 2015 (spott)
PA_0605,30,OK,août 2019 (report)
PA_0606,50,OK,juillet 2019 (report)
PA_0607,50,Détruit !,juillet 2022
PA_0608,10,Un peu dégradé,février 2021 (report)
PA_0609,20,OK,avril 2021 (report)
PA_0610,20,OK,mars 2019 (report)
PA_0611,30,OK,juillet 2015 (spott)
PA_0612,30,OK,janvier 2019 (spott)
PA_0613,20,OK,mars 2017 (spott)
PA_0614,20,Un peu dégradé,mai 2020 (report)
PA_0615,30,OK,juin 2020 (report)
PA_0616,10,OK,septembre 2019 (report)
PA_0617,20,OK,juin 2019 (report)
PA_0618,30,OK,juin 2018 (spott)
PA_0619,10,OK,octobre 2018 (spott)
PA_0620,10,Dégradé,février 2022 (report)
PA_0621,30,OK,juillet 2019 (spott)
PA_0622,30,Détruit !,mai 2020 (report)
PA_0623,20,Détruit !,janvier 2022 (report)
PA_0624,10,Détruit !,février 2022 (report)
PA_0625,30,Détruit !,juillet 2021 (report)
PA_0626,30,OK,octobre 2019 (report)
PA_0627,30,OK,novembre 2019 (spott)
PA_0628,10,OK,mai 2020
PA_0629,30,OK,septembre 2018 (report)
PA_0630,20,OK,mars 2015 (spott)
PA_0631,30,Détruit !,octobre 2021 (report)
PA_0632,30,OK,juin 2022
PA_0633,30,OK,juin 2020
PA_0634,30,OK,juin 2020
PA_0635,20,OK,août 2019 (report)
PA_0636,30,Un peu dégradé,avril 2015 (spott)
PA_0637,30,OK,mai 2021 (report)
PA_0638,50,Détruit !,février 2022 (report)
PA_0639,20,OK,juin 2018 (spott)
PA_0640,30,OK,avril 2021 (Instagram)
PA_0641,10,OK,septembre 2021 (report)
PA_0642,20,OK,juin 2020 (report)
PA_0643,50,OK,décembre 2018 (spott)
PA_0644,30,OK,août 2019 (report)
PA_0645,50,OK,avril 2015 (spott)
PA_0646,30,OK,octobre 2019 (report)
PA_0647,30,Détruit !,avril 2021 (report)
PA_0648,30,OK,juin 2018 (spott)
PA_0649,30,OK,juillet 2015 (spott)
PA_0650,30,OK,octobre 2019 (report)
PA_0651,20,OK,juillet 2019 (spott)
PA_0652,30,OK,avril 2019 (report)
PA_0653,20,Détruit !,décembre 2019 (report)
PA_0654,50,OK,novembre 2019 (report)
PA_0655,30,Très dégradé,mai 2020 (report)
PA_0656,30,OK,septembre 2018 (spott)
PA_0657,30,OK,septembre 2018 (spott)
PA_0658,30,OK,mai 2019 (report)
PA_0659,30,OK,juillet 2018 (report)
PA_0660,10,OK,janvier 2019 (spott)
PA_0661,10,Un peu dégradé,février 2021 (report)
PA_0662,20,OK,février 2020 (spott)
PA_0663,20,OK,octobre 2018 (spott)
PA_0664,10,OK,juillet 2021 (report)
PA_0665,30,OK,janvier 2019 (spott)
PA_0666,30,Un peu dégradé,juillet 2022
PA_0667,10,OK,mai 2018 (spott)
PA_0668,30,OK,avril 2019 (spott)
PA_0669,30,OK,décembre 2018 (spott)
PA_0670,30,OK,mars 2019 (spott)
PA_0671,30,Un peu dégradé,octobre 2019 (report)
PA_0672,20,OK,avril 2019 (spott)
PA_0673,30,OK,janvier 2020 (spott)
PA_0674,20,OK,août 2019 (spott)
PA_0675,20,OK,juin 2016 (spott)
PA_0676,50,Détruit !,mars 2015 (spott)
PA_0677,20,OK,août 2019 (report)
PA_0678,30,Détruit !,juillet 2022
PA_0679,30,OK,mars 2015 (spott)
PA_0680,20,Non visible,septembre 2022 (report)
PA_0681,30,OK,juillet 2019 (report)
PA_0682,30,OK,juillet 2019 (report)
PA_0683,30,Dégradé,novembre 2019 (report)
PA_0684,30,OK,août 2018 (report)
PA_0685,30,OK,septembre 2018 (spott)
PA_0686,30,Détruit !,août 2022 (report)
PA_0687,30,Détruit !,septembre 2014 (street view)
PA_0688,10,Détruit !,
PA_0689,50,OK,janvier 2021 (report)
PA_0690,20,Dégradé,novembre 2020 (Live FlashInvaders)
PA_0691,20,OK,octobre 2019 (report)
PA_0692,20,Dégradé,février 2020 (report)
PA_0693,30,OK,juillet 2022
PA_0694,20,OK,juin 2018 (Instagram)
PA_0695,20,OK,octobre 2019 (report)
PA_0696,20,Dégradé,septembre 2022
PA_0697,20,Détruit !,septembre 2021 (report)
PA_0698,30,OK,juin 2020 (report)
PA_0699,20,OK,juillet 2019 (report)
PA_0700,30,OK,juin 2016 (spott)
PA_0701,20,OK,novembre 2019 (report)
PA_0702,10,OK,juillet 2019 (report)
PA_0703,20,OK,novembre 2019 (report)
PA_0704,30,Détruit !,mars 2020 (report)
PA_0705,20,Un peu dégradé,février 2021 (report)
PA_0706,20,OK,janvier 2019 (spott)
PA_0707,20,OK,décembre 2018 (spott)
PA_0708,30,OK,octobre 2019 (report)
PA_0709,20,Détruit !,avril 2015 (spott)
PA_0710,20,OK,mai 2019 (report)
PA_0711,20,OK,janvier 2019 (spott)
PA_0712,20,OK,janvier 2016 (spott)
PA_0713,20,OK,septembre 2016 (spott)
PA_0714,20,Dégradé,février 2021 (report)
PA_0715,20,OK,mars 2018 (report)
PA_0716,50,Détruit !,juillet 2015 (spott)
PA_0717,30,OK,mars 2018 (report)
PA_0718,20,OK,avril 2022 (report)
PA_0719,20,OK,octobre 2019 (report)
PA_0720,50,OK,juin 2018 (spott)
PA_0721,30,Détruit !,juillet 2015 (spott)
PA_0722,50,OK,avril 2022 (report)
PA_0723,10,OK,janvier 2016 (spott)
PA_0724,10,OK,août 2020 (report)
PA_0725,30,Détruit !,juin 2020 (report)
PA_0726,20,OK,septembre 2019 (report)
PA_0727,20,Dégradé,septembre 2022 (FlashInvaders)
PA_0728,20,OK,juillet 2019 (spott)
PA_0729,20,Non visible,août 2021 (report)
PA_0730,20,Un peu dégradé,septembre 2018 (spott)
PA_0731,50,OK,mai 2020
PA_0732,20,OK,octobre 2019 (report)
PA_0733,20,OK,octobre 2018 (report)
PA_0734,30,OK,mai 2020
PA_0735,20,OK,juin 2019 (report)
PA_0736,20,OK,novembre 2019 (report)
PA_0737,20,OK,avril 2015 (spott)
PA_0738,20,OK,octobre 2019 (report)
PA_0739,20,Détruit !,septembre 2021 (report)
PA_0740,20,OK,septembre 2017 (spott)
PA_0741,30,OK,mars 2019 (spott)
PA_0742,50,OK,novembre 2021 (Instagram)
PA_0743,50,Détruit !,avril 2015 (spott)
PA_0744,20,OK,octobre 2018 (report)
PA_0745,20,Détruit !,avril 2015 (spott)
PA_0746,50,Détruit !,février 2020 (report)
PA_0747,20,OK,juillet 2020 (report)
PA_0748,30,Un peu dégradé,juillet 2015 (spott)
PA_0749,10,OK,juillet 2015 (spott)
PA_0750,30,OK,mars 2019 (report)
PA_0751,30,Détruit !,mai 2019 (report)
PA_0752,20,OK,juillet 2016 (spott)
PA_0753,20,OK,juillet 2019 (report)
PA_0754,20,OK,août 2018 (report)
PA_0755,20,OK,septembre 2019 (report)
PA_0756,20,OK,septembre 2019 (report)
PA_0757,20,OK,mai 2015 (spott)
PA_0758,50,OK,juillet 2016 (spott)
PA_0759,10,OK,février 2021 (report)
PA_0760,20,OK,juillet 2020 (Instagram)
PA_0761,30,Dégradé,avril 2019 (report)
PA_0762,10,Dégradé,novembre 2020 (Live FlashInvaders)
PA_0763,50,Détruit !,novembre 2021 (report)
PA_0764,20,OK,janvier 2019 (report)
PA_0765,20,OK,mars 2019 (report)
PA_0766,20,OK,mai 2022
PA_0767,50,Détruit !,janvier 2022 (report)
PA_0768,10,Détruit !,octobre 2022
PA_0769,50,OK,janvier 2019 (spott)
PA_0770,30,Dégradé,juillet 2019 (spott)
PA_0771,10,OK,juin 2018 (spott)
PA_0772,10,OK,juin 2022
PA_0773,20,Détruit !,juillet 2019 (report)
PA_0774,10,OK,décembre 2018 (spott)
PA_0775,20,Détruit !,août 2021
PA_0776,20,OK,mars 2015 (spott)
PA_0777,30,Détruit !,avril 2015 (spott)
PA_0778,20,OK,octobre 2020
PA_0779,20,OK,octobre 2020
PA_0780,20,OK,octobre 2018 (spott)
PA_0781,30,Détruit !,octobre 2022 (report)
PA_0782,20,OK,octobre 2020
PA_0783,20,Détruit !,novembre 2021
PA_0784,20,OK,octobre 2020
PA_0785,10,OK,avril 2015 (spott)
PA_0786,20,OK,octobre 2020
PA_0787,20,Détruit !,mars 2021 (report)
PA_0788,20,OK,septembre 2018 (spott)
PA_0789,20,OK,octobre 2020
PA_0790,20,Détruit !,avril 2021 (report)
PA_0791,20,OK,octobre 2020
PA_0792,20,OK,octobre 2020
PA_0793,20,OK,octobre 2020
PA_0794,20,OK,octobre 2020
PA_0795,30,OK,octobre 2019 (report)
PA_0796,20,Dégradé,avril 2019 (report)
PA_0797,30,OK,avril 2019 (report)
PA_0798,30,OK,avril 2019 (report)
PA_0799,10,Détruit !,juillet 2015 (spott)
PA_0800,50,OK,septembre 2019 (report)
PA_0801,20,Détruit !,octobre 2019 (report)
PA_0802,50,OK,juillet 2022
PA_0803,10,OK,septembre 2019 (report)
PA_0804,20,OK,octobre 2020
PA_0805,20,OK,octobre 2020
PA_0806,20,Détruit !,avril 2015 (spott)
PA_0807,20,Détruit !,avril 2015 (spott)
PA_0808,20,Détruit !,octobre 2022
PA_0809,30,Détruit !,juillet 2022 (report)
PA_0810,20,OK,août 2018 (report)
PA_0811,10,Détruit !,juillet 2022
PA_0812,10,OK,septembre 2019 (report)
PA_0813,30,Dégradé,juillet 2021 (report)
PA_0814,20,OK,octobre 2019 (report)
PA_0815,20,OK,juillet 2022
PA_0816,20,OK,septembre 2019 (report)
PA_0817,50,OK,juillet 2019 (report)
PA_0818,30,OK,juillet 2016 (spott)
PA_0819,30,Détruit !,janvier 2021 (report)
PA_0820,20,Dégradé,novembre 2020 (Live FlashInvaders)
PA_0821,20,OK,novembre 2020 (Live FlashInvaders)
PA_0822,10,OK,juin 2018 (spott)
PA_0823,30,OK,septembre 2019 (report)
PA_0824,50,OK,juillet 2022
PA_0825,20,OK,mai 2021 (Instagram)
PA_0826,30,Détruit !,mai 2020 (report)
PA_0827,20,OK,juin 2016 (spott)
PA_0828,50,Détruit !,août 2017 (report)
PA_0829,20,OK,décembre 2020 (report)
PA_0830,30,OK,juillet 2019 (report)
PA_0831,30,OK,janvier 2022 (Instagram)
PA_0832,30,OK,juillet 2019 (report)
PA_0833,20,OK,avril 2015 (spott)
PA_0834,20,Dégradé,mai 2022
PA_0835,20,OK,mai 2022
PA_0836,30,OK,avril 2019 (spott)
PA_0837,30,OK,novembre 2019 (spott)
PA_0838,20,OK,avril 2015 (spott)
PA_0839,30,OK,septembre 2020
PA_0840,30,OK,septembre 2021 (report)
PA_0841,20,OK,juillet 2019 (report)
PA_0842,20,OK,janvier 2019 (spott)
PA_0843,20,OK,octobre 2019 (report)
PA_0844,20,OK,novembre 2019 (report)
PA_0845,30,OK,mai 2019 (report)
PA_0846,30,OK,octobre 2019 (report)
PA_0847,20,OK,février 2021 (report)
PA_0848,20,Dégradé,juillet 2022
PA_0849,50,OK,mars 2019 (report)
PA_0850,30,OK,mars 2019 (report)
PA_0851,10,OK,septembre 2018 (report)
PA_0852,20,OK,octobre 2019 (report)
PA_0853,20,Dégradé,janvier 2019 (spott)
PA_0854,20,OK,mai 2021 (report)
PA_0855,30,Un peu dégradé,août 2019 (report)
PA_0856,30,OK,août 2019 (report)
PA_0857,30,OK,août 2019 (report)
PA_0858,30,OK,septembre 2019 (report)
PA_0859,30,Un peu dégradé,juillet 2019 (report)
PA_0860,20,Un peu dégradé,février 2021 (report)
PA_0861,30,Un peu dégradé,février 2021 (report)
PA_0862,50,OK,mai 2019 (report)
PA_0863,20,OK,septembre 2018 (spott)
PA_0864,20,OK,juillet 2016 (spott)
PA_0865,20,OK,mars 2015
PA_0866,30,OK,mai 2019 (report)
PA_0867,30,OK,juillet 2019 (spott)
PA_0868,30,OK,juin 2019 (report)
PA_0869,50,Dégradé,octobre 2019 (report)
PA_0870,30,OK,avril 2015 (spott)
PA_0871,20,OK,décembre 2017 (spott)
PA_0872,50,OK,juin 2019 (report)
PA_0873,20,Un peu dégradé,mars 2019 (spott)
PA_0874,30,OK,juillet 2019 (report)
PA_0875,30,OK,septembre 2017 (report)
PA_0876,30,OK,février 2020 (spott)
PA_0877,50,Détruit !,juin 2020 (report)
PA_0878,20,OK,juillet 2016 (spott)
PA_0879,20,OK,mai 2021 (report)
PA_0880,20,OK,mars 2015 (spott)
PA_0881,20,OK,mars 2015 (spott)
PA_0882,50,OK,septembre 2022 (report)
PA_0883,20,OK,juillet 2015 (spott)
PA_0884,20,Détruit !,septembre 2018 (spott)
PA_0885,30,OK,juin 2019 (report)
PA_0886,20,OK,juillet 2019 (report)
PA_0887,20,Dégradé,novembre 2020 (Live FlashInvaders)
PA_0888,30,OK,octobre 2021 (report)
PA_0889,20,OK,août 2018 (report)
PA_0890,30,OK,septembre 2018 (spott)
PA_0891,30,Détruit !,août 2022
PA_0892,50,Détruit !,juillet 2017 (Instagram)
PA_0893,30,OK,janvier 2019 (spott)
PA_0894,20,OK,juillet 2018 (Instagram)
PA_0895,50,OK,juillet 2015 (spott)
PA_0896,30,Détruit !,mai 2020
PA_0897,10,OK,avril 2021 (report)
PA_0898,10,Détruit !,septembre 2022
PA_0899,30,Détruit !,mai 2015 (spott)
PA_0900,30,Détruit !,avril 2022
PA_0901,20,OK,mai 2022
PA_0902,20,Détruit !,juillet 2022
PA_0903,20,OK,septembre 2019 (report)
PA_0904,30,Détruit !,octobre 2019 (report)
PA_0905,30,OK,mai 2020
PA_0906,30,Détruit !,janvier 2022 (report)
PA_0907,30,Détruit !,août 2021 (report)
PA_0908,30,Un peu dégradé,février 2020 (report)
PA_0909,30,OK,janvier 2020 (spott)
PA_0910,20,Dégradé,mars 2019 (report)
PA_0911,30,Détruit !,avril 2021 (report)
PA_0912,30,OK,juillet 2015 (spott)
PA_0913,20,OK,mai 2019 (report)
PA_0914,30,Un peu dégradé,juin 2019 (report)
PA_0915,10,OK,juin 2019 (report)
PA_0916,20,Détruit !,août 2022
PA_0917,20,Un peu dégradé,avril 2022 (report)
PA_0918,20,Un peu dégradé,mai 2019 (report)
PA_0919,20,OK,juillet 2019 (report)
PA_0920,30,Dégradé,mars 2021 (report)
PA_0921,10,Dégradé,septembre 2019 (report)
PA_0922,10,OK,novembre 2019 (report)
PA_0923,20,OK,avril 2019 (spott)
PA_0924,10,OK,janvier 2021 (report)
PA_0925,10,Détruit !,septembre 2022
PA_0926,30,Un peu dégradé,janvier 2021 (report)
PA_0927,20,Détruit !,avril 2015 (spott)
PA_0928,30,OK,mai 2021 (Live FlashInvaders)
PA_0929,30,OK,mars 2019 (spott)
PA_0930,20,OK,septembre 2020
PA_0931,20,OK,septembre 2018 (spott)
PA_0932,20,OK,septembre 2016 (spott)
PA_0933,30,OK,mars 2019 (report)
PA_0934,50,Un peu dégradé,octobre 2020 (report)
PA_0935,20,Un peu dégradé,juillet 2022
PA_0936,50,Détruit !,octobre 2022
PA_0937,30,OK,mai 2019 (report)
PA_0938,30,OK,mai 2019 (report)
PA_0939,30,Détruit !,septembre 2022
PA_0940,10,OK,mars 2019 (report)
PA_0941,30,OK,septembre 2022
PA_0942,20,OK,septembre 2017 (spott)
PA_0943,20,OK,juillet 2019 (report)
PA_0944,30,Un peu dégradé,septembre 2022
PA_0945,30,OK,novembre 2019 (report)
PA_0946,20,Dégradé,juin 2022
PA_0947,20,OK,décembre 2017 (spott)
PA_0948,30,OK,novembre 2019 (report)
PA_0949,50,OK,octobre 2019 (report)
PA_0950,20,Un peu dégradé,avril 2021 (report)
PA_0951,10,OK,avril 2019 (report)
PA_0952,20,OK,mai 2019 (spott)
PA_0953,50,OK,janvier 2019 (spott)
PA_0954,30,Détruit !,avril 2015 (spott)
PA_0955,30,OK,juillet 2018 (report)
PA_0956,20,Dégradé,novembre 2019 (report)
PA_0957,30,OK,mars 2017 (spott)
PA_0958,30,OK,avril 2019 (spott)
PA_0959,20,Dégradé,décembre 2018 (spott)
PA_0960,20,OK,octobre 2019 (report)
PA_0961,50,OK,septembre 2019 (report)
PA_0962,20,OK,juin 2018 (spott)
PA_0963,20,OK,octobre 2019 (report)
PA_0964,30,Détruit !,septembre 2020
PA_0965,30,Détruit !,août 2022
PA_0966,30,OK,décembre 2020 (report)
PA_0967,20,OK,octobre 2019 (spott)
PA_0968,30,Un peu dégradé,juin 2022
PA_0969,30,Détruit !,mai 2021 (report)
PA_0970,30,Dégradé,juillet 2022
PA_0971,20,Très dégradé,octobre 2020 (report)
PA_0972,50,OK,septembre 2019 (report)
PA_0973,30,Un peu dégradé,août 2022
PA_0974,30,OK,août 2022
PA_0975,30,Un peu dégradé,août 2022
PA_0976,30,OK,mai 2020
PA_0977,30,OK,octobre 2019 (report)
PA_0978,30,OK,mai 2021 (report)
PA_0979,20,OK,avril 2019 (report)
PA_0980,30,OK,septembre 2018 (spott)
PA_0981,30,OK,mai 2019 (report)
PA_0982,30,Détruit !,avril 2015 (spott)
PA_0983,20,OK,juin 2016 (spott)
PA_0984,20,Détruit !,décembre 2021 (report)
PA_0985,30,Dégradé,février 2019 (report)
PA_0986,10,OK,septembre 2017 (spott)
PA_0987,10,OK,septembre 2018 (spott)
PA_0988,30,OK,juillet 2019 (report)
PA_0989,30,OK,avril 2019 (spott)
PA_0990,20,OK,février 2019 (report)
PA_0991,30,OK,octobre 2019 (report)
PA_0992,30,Détruit !,février 2018 (Instagram)
PA_0993,30,OK,juillet 2020 (report)
PA_0994,30,Un peu dégradé,mars 2021 (report)
PA_0995,30,Dégradé,décembre 2021 (report)
PA_0996,10,Un peu dégradé,juin 2022
PA_0997,50,OK,septembre 2018 (spott)
PA_0998,30,OK,juillet 2019 (report)
PA_0999,50,OK,juillet 2019 (report)
PA_1000,100,Détruit !,juillet 2020 (report)
PA_1001,10,OK,juin 2016 (spott)
PA_1002,20,OK,août 2019 (report)
PA_1003,50,Détruit !,septembre 2021 (report)
PA_1004,20,OK,septembre 2019 (report)
PA_1005,30,OK,novembre 2019 (report)
PA_1006,20,Détruit !,juillet 2020 (report)
PA_1007,30,Dégradé,septembre 2019 (report)
PA_1008,50,OK,novembre 2019 (report)
PA_1009,50,OK,octobre 2019 (report)
PA_1010,30,OK,octobre 2019 (report)
PA_1011,30,OK,mai 2022
PA_1012,50,OK,août 2019 (report)
PA_1013,30,OK,juin 2021
PA_1014,30,OK,août 2022 (report)
PA_1015,30,OK,octobre 2019 (report)
PA_1016,30,OK,octobre 2019 (report)
PA_1017,50,Détruit !,mai 2021 (report)
PA_1018,30,OK,mai 2019 (report)
PA_1019,30,OK,janvier 2019 (spott)
PA_1020,50,OK,octobre 2021 (report)
PA_1021,30,OK,septembre 2018 (spott)
PA_1022,30,OK,juillet 2015 (spott)
PA_1023,50,OK,septembre 2019 (report)
PA_1024,30,OK,août 2018 (report)
PA_1025,10,OK,avril 2019 (spott)
PA_1026,20,OK,août 2019 (spott)
PA_1027,50,OK,mars 2018 (report)
PA_1028,50,OK,avril 2015 (spott)
PA_1029,50,Détruit !,avril 2015 (spott)
PA_1030,50,Détruit !,avril 2021 (report)
PA_1031,50,OK,juillet 2015 (spott)
PA_1032,30,OK,mai 2019 (report)
PA_1033,50,OK,septembre 2018 (spott)
PA_1034,50,OK,février 2019 (report)
PA_1035,20,Détruit !,mars 2019 (report)
PA_1036,20,Détruit !,mai 2021 (report)
PA_1037,10,Très dégradé,mars 2021
PA_1038,50,OK,mars 2018 (report)
PA_1039,50,OK,novembre 2019 (report)
PA_1040,50,OK,janvier 2019 (spott)
PA_1041,20,OK,octobre 2019 (report)
PA_1042,50,OK,août 2019 (spott)
PA_1043,50,OK,novembre 2019 (report)
PA_1044,30,OK,novembre 2019 (report)
PA_1045,20,OK,juillet 2021 (report)
PA_1046,30,OK,avril 2015 (spott)
PA_1047,50,OK,juin 2019 (spott)
PA_1048,30,OK,août 2019 (spott)
PA_1049,30,OK,mai 2020
PA_1050,30,OK,août 2020 (report)
PA_1051,100,OK,octobre 2019 (report)
PA_1052,20,OK,décembre 2018 (spott)
PA_1053,30,OK,décembre 2018 (spott)
PA_1054,30,OK,juin 2019 (spott)
PA_1055,100,OK,août 2019 (spott)
PA_1056,30,Dégradé,octobre 2022
PA_1057,30,OK,juillet 2019 (report)
PA_1058,30,OK,octobre 2019 (report)
PA_1059,20,OK,août 2019 (report)
PA_1060,50,OK,mai 2021 (Live FlashInvaders)
PA_1061,50,OK,décembre 2018 (spott)
PA_1062,30,OK,juillet 2019 (report)
PA_1063,30,Non visible,janvier 2021 (report)
PA_1064,30,OK,avril 2015 (spott)
PA_1065,30,OK,décembre 2018 (spott)
PA_1066,30,OK,mars 2017 (spott)
PA_1067,50,OK,novembre 2019 (report)
PA_1068,20,OK,septembre 2018 (spott)
PA_1069,20,OK,juin 2016 (spott)
PA_1070,30,OK,juillet 2019 (spott)
PA_1071,10,OK,mars 2019 (spott)
PA_1072,10,OK,mars 2019 (spott)
PA_1073,20,OK,juillet 2019 (report)
PA_1074,20,OK,mars 2015 (spott)
PA_1075,50,OK,août 2019 (report)
PA_1076,30,OK,novembre 2019 (report)
PA_1077,50,OK,août 2019 (report)
PA_1078,30,Détruit !,septembre 2020
PA_1079,20,Détruit !,février 2019 (report)
PA_1080,30,OK,octobre 2019 (report)
PA_1081,30,OK,octobre 2019 (spott)
PA_1082,50,Détruit !,juillet 2022
PA_1083,50,OK,mai 2019 (report)
PA_1084,50,OK,novembre 2019 (report)
PA_1085,50,Un peu dégradé,janvier 2021 (report)
PA_1086,30,Dégradé,juillet 2019 (report)
PA_1087,30,OK,mars 2019 (spott)
PA_1088,20,OK,septembre 2018 (spott)
PA_1089,100,Détruit !,décembre 2019 (report)
PA_1090,10,OK,juin 2019 (report)
PA_1091,30,OK,mai 2019 (spott)
PA_1092,30,Détruit !,février 2022 (report)
PA_1093,30,OK,octobre 2018 (spott)
PA_1094,50,OK,septembre 2018 (spott)
PA_1095,30,Détruit !,février 2022 (report)
PA_1096,50,Un peu dégradé,novembre 2021 (report)
PA_1097,100,Détruit !,août 2017 (Instagram)
PA_1098,50,OK,juillet 2019 (spott)
PA_1099,50,Non visible,septembre 2022 (report)
PA_1100,50,Un peu dégradé,septembre 2022
PA_1101,30,OK,avril 2019 (spott)
PA_1102,100,OK,juillet 2016 (spott)
PA_1103,50,OK,septembre 2017 (report)
PA_1104,100,OK,septembre 2018 (spott)
PA_1105,30,OK,juillet 2018 (report)
PA_1106,20,OK,mai 2019 (report)
PA_1107,30,OK,avril 2015 (spott)
PA_1108,30,Un peu dégradé,janvier 2021 (report)
PA_1109,30,OK,juillet 2019 (report)
PA_1110,50,OK,juillet 2019 (report)
PA_1111,30,OK,mai 2015 (spott)
PA_1112,50,Dégradé,septembre 2022 (FlashInvaders)
PA_1113,30,Détruit !,juin 2019 (report)
PA_1114,50,OK,mai 2019 (spott)
PA_1115,30,OK,octobre 2019 (report)
PA_1116,20,OK,mars 2018 (report)
PA_1117,30,Détruit !,octobre 2022 (report)
PA_1118,30,OK,juillet 2015 (spott)
PA_1119,30,OK,juin 2019 (Instagram)
PA_1120,30,OK,avril 2015 (spott)
PA_1121,20,OK,juillet 2019 (report)
PA_1122,100,OK,juillet 2016 (spott)
PA_1123,50,OK,avril 2015 (spott)
PA_1124,30,OK,septembre 2019 (report)
PA_1125,30,OK,septembre 2019 (report)
PA_1126,30,OK,avril 2019 (spott)
PA_1127,50,OK,avril 2015 (spott)
PA_1128,20,OK,juillet 2019 (report)
PA_1129,20,OK,juin 2016 (spott)
PA_1130,20,OK,octobre 2019 (report)
PA_1131,20,Détruit !,octobre 2020 (report)
PA_1132,30,OK,avril 2019 (spott)
PA_1133,20,OK,septembre 2017 (report)
PA_1134,20,OK,mars 2019 (report)
PA_1135,20,OK,février 2021 (report)
PA_1136,30,OK,septembre 2019 (report)
PA_1137,30,OK,septembre 2019 (report)
PA_1138,20,OK,juillet 2015 (spott)
PA_1139,50,OK,octobre 2019 (report)
PA_1140,50,OK,juillet 2015 (spott)
PA_1141,50,Détruit !,juillet 2022
PA_1142,50,OK,juillet 2019 (spott)
PA_1143,20,OK,juillet 2015 (spott)
PA_1144,20,OK,avril 2019 (report)
PA_1145,50,OK,août 2019 (report)
PA_1146,50,Détruit !,septembre 2022 (report)
PA_1147,100,OK,juin 2019 (report)
PA_1148,50,OK,septembre 2018 (spott)
PA_1149,30,OK,juillet 2015 (spott)
PA_1150,30,Très dégradé,août 2022
PA_1151,20,OK,octobre 2019 (report)
PA_1152,50,Détruit !,octobre 2020 (report)
PA_1153,20,OK,avril 2019 (report)
PA_1154,30,OK,septembre 2018 (spott)
PA_1155,50,Dégradé,septembre 2019 (Instagram)
PA_1156,50,OK,juin 2019 (spott)
PA_1157,30,OK,décembre 2021 (report)
PA_1158,10,OK,juillet 2015 (spott)
PA_1159,20,OK,juin 2019 (report)
PA_1160,30,OK,janvier 2019 (report)
PA_1161,30,OK,mars 2020 (report)
PA_1162,100,Détruit !,juin 2020 (report)
PA_1163,30,OK,janvier 2019 (spott)
PA_1164,30,Un peu dégradé,septembre 2020 (report)
PA_1165,30,OK,juillet 2019 (report)
PA_1166,30,OK,janvier 2016 (spott)
PA_1167,50,OK,octobre 2019 (report)
PA_1168,30,OK,juin 2022
PA_1169,30,Détruit !,juillet 2021 (report)
PA_1170,100,OK,décembre 2018 (spott)
PA_1171,30,OK,mai 2022
PA_1172,50,OK,juin 2019 (spott)
PA_1173,30,OK,juillet 2019 (report)
PA_1174,100,OK,avril 2019 (spott)
PA_1175,30,OK,décembre 2017 (spott)
PA_1176,30,OK,décembre 2017 (spott)
PA_1177,30,Détruit !,décembre 2021 (report)
PA_1178,30,OK,août 2019 (report)
PA_1179,30,OK,septembre 2017 (report)
PA_1180,20,OK,janvier 2016 (spott)
PA_1181,20,OK,septembre 2019 (report)
PA_1182,30,OK,octobre 2018 (spott)
PA_1183,30,OK,juillet 2019 (spott)
PA_1184,50,Un peu dégradé,août 2019 (spott)
PA_1185,20,OK,novembre 2019 (report)
PA_1186,20,OK,juin 2021 (report)
PA_1187,50,OK,juillet 2016 (spott)
PA_1188,30,Détruit !,juillet 2017 (report)
PA_1189,100,OK,juin 2016 (spott)
PA_1190,100,OK,août 2019 (report)
PA_1191,50,OK,mars 2019 (spott)
PA_1192,50,OK,mars 2019 (spott)
PA_1193,50,OK,mars 2019 (spott)
PA_1194,50,OK,mars 2019 (spott)
PA_1195,50,OK,mars 2019 (spott)
PA_1196,50,OK,juin 2016 (spott)
PA_1197,30,OK,février 2018 (spott)
PA_1198,30,OK,février 2021 (report)
PA_1199,50,OK,novembre 2019 (report)
PA_1200,30,OK,mars 2019 (spott)
PA_1201,30,OK,juillet 2018 (report)
PA_1202,20,OK,juin 2019 (report)
PA_1203,50,OK,juin 2016 (spott)
PA_1204,50,OK,mars 2018 (report)
PA_1205,100,Un peu dégradé,janvier 2021 (report)
PA_1206,40,OK,mai 2019 (report)
PA_1207,50,OK,juillet 2016 (spott)
PA_1208,30,OK,février 2021 (report)
PA_1209,50,OK,octobre 2019 (report)
PA_1210,30,OK,novembre 2019 (report)
PA_1211,50,OK,septembre 2016 (spott)
PA_1212,30,OK,septembre 2020
PA_1213,30,OK,septembre 2018 (spott)
PA_1214,50,OK,octobre 2020
PA_1215,30,Détruit !,avril 2019 (report)
PA_1216,30,OK,août 2022 (report)
PA_1217,20,Détruit !,octobre 2022
PA_1218,40,OK,septembre 2016 (spott)
PA_1219,50,OK,septembre 2016 (spott)
PA_1220,50,OK,avril 2019 (spott)
PA_1221,50,OK,septembre 2016 (spott)
PA_1222,40,OK,novembre 2019 (report)
PA_1223,30,OK,septembre 2016 (spott)
PA_1224,30,OK,juillet 2019 (spott)
PA_1225,50,OK,juillet 2019 (spott)
PA_1226,50,OK,juillet 2019 (spott)
PA_1227,20,OK,septembre 2016 (spott)
PA_1228,50,OK,août 2019 (report)
PA_1229,30,OK,septembre 2019 (report)
PA_1230,30,Très dégradé,août 2022 (report)
PA_1231,20,OK,juillet 2019 (report)
PA_1232,40,Détruit !,mai 2020 (report)
PA_1233,20,OK,juillet 2018 (report)
PA_1234,30,OK,août 2019 (spott)
PA_1235,20,OK,septembre 2016 (spott)
PA_1236,20,OK,mars 2019 (report)
PA_1237,20,OK,novembre 2019 (report)
PA_1238,50,OK,février 2019 (report)
PA_1239,20,Un peu dégradé,décembre 2020 (report)
PA_1240,100,OK,août 2019 (report)
PA_1241,30,OK,octobre 2019 (report)
PA_1242,30,OK,décembre 2017 (spott)
PA_1243,50,OK,octobre 2019 (report)
PA_1244,40,OK,octobre 2019 (report)
PA_1245,30,Détruit !,janvier 2022 (report)
PA_1246,20,OK,septembre 2019 (report)
PA_1247,30,OK,mars 2017 (spott)
PA_1248,40,Détruit !,février 2021 (report)
PA_1249,40,OK,mars 2022 (report)
PA_1250,40,OK,juillet 2019 (report)
PA_1251,30,OK,juin 2019 (report)
PA_1252,30,OK,avril 2019 (report)
PA_1253,30,OK,avril 2019 (spott)
PA_1254,30,OK,avril 2019 (spott)
PA_1255,30,OK,juillet 2019 (report)
PA_1256,20,OK,février 2019 (report)
PA_1257,20,OK,mars 2019 (report)
PA_1258,50,Un peu dégradé,septembre 2022
PA_1259,50,OK,septembre 2018 (spott)
PA_1260,30,OK,septembre 2019 (report)
PA_1261,50,OK,septembre 2019 (report)
PA_1262,40,OK,mars 2017 (spott)
PA_1263,20,OK,mars 2017 (spott)
PA_1264,50,OK,mars 2019 (report)
PA_1265,50,OK,mars 2017 (spott)
PA_1266,100,OK,mars 2020 (report)
PA_1267,40,Détruit !,mars 2017 (spott)
PA_1268,30,OK,septembre 2019 (report)
PA_1269,40,OK,mars 2017 (spott)
PA_1270,50,OK,septembre 2019 (report)
PA_1271,30,OK,juin 2017 (spott)
PA_1272,20,OK,octobre 2019 (report)
PA_1273,50,OK,juin 2017 (spott)
PA_1274,20,Très dégradé,mars 2022 (report)
PA_1275,40,OK,avril 2022
PA_1276,30,Détruit !,janvier 2019 (report)
PA_1277,40,OK,juillet 2018 (report)
PA_1278,20,OK,octobre 2019 (report)
PA_1279,50,OK,juillet 2019 (report)
PA_1280,50,OK,juin 2017 (spott)
PA_1281,50,Un peu dégradé,novembre 2021 (report)
PA_1282,40,OK,septembre 2019 (report)
PA_1283,50,Un peu dégradé,septembre 2022
PA_1284,30,OK,septembre 2017 (spott)
PA_1285,50,OK,septembre 2017 (spott)
PA_1286,50,OK,septembre 2017 (spott)
PA_1287,30,OK,septembre 2017 (spott)
PA_1288,30,OK,septembre 2019 (report)
PA_1289,30,OK,mars 2019 (report)
PA_1290,30,OK,mars 2019 (report)
PA_1291,50,OK,septembre 2017 (spott)
PA_1292,40,OK,septembre 2017 (spott)
PA_1293,30,Détruit !,mai 2020 (report)
PA_1294,30,OK,septembre 2017 (spott)
PA_1295,50,OK,mai 2022
PA_1296,50,OK,mai 2019 (report)
PA_1297,40,OK,septembre 2017 (spott)
PA_1298,30,OK,septembre 2017 (spott)
PA_1299,30,OK,octobre 2019 (report)
PA_1300,20,Dégradé,octobre 2020
PA_1301,40,OK,octobre 2019 (report)
PA_1302,20,OK,septembre 2017 (spott)
PA_1303,50,OK,septembre 2017 (spott)
PA_1304,20,OK,septembre 2017 (spott)
PA_1305,20,OK,septembre 2017 (spott)
PA_1306,50,OK,avril 2019 (report)
PA_1307,50,OK,décembre 2017 (spott)
PA_1308,30,OK,décembre 2017 (spott)
PA_1309,20,OK,septembre 2019 (report)
PA_1310,40,OK,avril 2019 (spott)
PA_1311,30,OK,décembre 2017 (spott)
PA_1312,30,OK,décembre 2017 (spott)
PA_1313,30,OK,décembre 2017 (spott)
PA_1314,40,OK,juin 2018 (report)
PA_1315,50,OK,novembre 2017 (spott)
PA_1316,50,OK,décembre 2017 (spott)
PA_1317,50,OK,août 2019 (report)
PA_1318,40,OK,novembre 2019 (report)
PA_1319,30,OK,décembre 2017 (spott)
PA_1320,30,OK,décembre 2017 (spott)
PA_1321,40,OK,juin 2019 (report)
PA_1322,30,OK,septembre 2019 (report)
PA_1323,30,OK,juillet 2019 (spott)
PA_1324,50,Détruit !,septembre 2020 (report)
PA_1325,50,OK,juin 2018 (report)
PA_1326,30,OK,juillet 2018 (report)
PA_1327,30,OK,décembre 2017 (spott)
PA_1328,50,OK,février 2019 (report)
PA_1329,30,OK,septembre 2018 (spott)
PA_1330,30,OK,août 2018 (report)
PA_1331,40,OK,décembre 2017 (spott)
PA_1332,40,OK,décembre 2017 (spott)
PA_1333,40,Détruit !,septembre 2018 (report)
PA_1334,30,Détruit !,juin 2021 (report)
PA_1335,40,OK,avril 2019 (report)
PA_1336,100,OK,septembre 2019 (report)
PA_1337,30,OK,juillet 2020 (report)
PA_1338,30,OK,juin 2018 (report)
PA_1339,50,OK,janvier 2021 (report)
PA_1340,50,OK,juillet 2019 (spott)
PA_1341,50,OK,septembre 2019 (report)
PA_1342,30,OK,octobre 2019 (report)
PA_1343,30,OK,juin 2019 (report)
PA_1344,30,OK,septembre 2019 (report)
PA_1345,30,OK,juin 2018 (spott)
PA_1346,20,OK,septembre 2019 (report)
PA_1347,30,Un peu dégradé,septembre 2022
PA_1348,30,OK,juin 2018 (spott)
PA_1349,20,OK,mars 2019 (report)
PA_1350,50,OK,mai 2019 (report)
PA_1351,30,OK,mai 2019 (report)
PA_1352,40,OK,novembre 2021 (report)
PA_1353,30,OK,mai 2018 (spott)
PA_1354,20,OK,juin 2018 (spott)
PA_1355,30,OK,février 2019 (report)
PA_1356,20,OK,septembre 2019 (report)
PA_1357,30,OK,octobre 2019 (report)
PA_1358,30,OK,octobre 2019 (report)
PA_1359,40,OK,juin 2018 (spott)
PA_1360,20,OK,juin 2018 (spott)
PA_1361,20,OK,juin 2018 (spott)
PA_1362,20,Non visible,septembre 2022 (report)
PA_1363,50,OK,septembre 2019 (report)
PA_1364,30,Non visible,octobre 2019 (report)
PA_1365,50,Détruit !,août 2022
PA_1366,30,OK,septembre 2018 (spott)
PA_1367,30,OK,octobre 2018 (spott)
PA_1368,40,OK,août 2020 (report)
PA_1369,100,Dégradé,janvier 2022 (Live FlashInvaders)
PA_1370,30,OK,octobre 2018 (spott)
PA_1371,100,OK,août 2019 (report)
PA_1372,50,OK,janvier 2019 (spott)
PA_1373,30,OK,juillet 2019 (report)
PA_1374,30,OK,janvier 2019 (spott)
PA_1375,40,OK,janvier 2019 (spott)
PA_1376,30,OK,avril 2019 (spott)
PA_1377,50,OK,mars 2019 (spott)
PA_1378,20,OK,mars 2019 (spott)
PA_1379,30,OK,mars 2019 (spott)
PA_1380,30,OK,mars 2019 (spott)
PA_1381,30,OK,mars 2019 (spott)
PA_1382,30,OK,mars 2019 (spott)
PA_1383,30,OK,mars 2019 (spott)
PA_1384,50,OK,mars 2019
PA_1385,40,OK,mars 2019 (spott)
PA_1386,50,Détruit !,juin 2022
PA_1387,50,OK,avril 2019 (report)
PA_1388,20,OK,avril 2019 (spott)
PA_1389,30,OK,avril 2019 (spott)
PA_1390,50,Détruit !,septembre 2019 (report)
PA_1391,50,OK,avril 2019 (spott)
PA_1392,30,OK,novembre 2019 (report)
PA_1393,30,OK,avril 2019 (spott)
PA_1394,40,OK,septembre 2019 (report)
PA_1395,50,OK,juillet 2019 (report)
PA_1396,40,OK,avril 2019 (spott)
PA_1397,40,OK,mai 2019 (spott)
PA_1398,30,OK,septembre 2019 (report)
PA_1399,40,OK,avril 2019 (spott)
PA_1400,50,OK,novembre 2019 (report)
PA_1401,50,OK,octobre 2019 (report)
PA_1402,40,OK,mai 2019 (spott)
PA_1403,40,Détruit !,juillet 2020 (report)
PA_1404,50,OK,novembre 2019 (report)
PA_1405,100,Détruit !,juillet 2022 (report)
PA_1406,30,OK,septembre 2019 (report)
PA_1407,50,OK,octobre 2019 (report)
PA_1408,50,OK,juillet 2019 (report)
PA_1409,100,OK,août 2019 (spott)
PA_1410,50,OK,octobre 2019 (report)
PA_1411,30,OK,juillet 2019 (spott)
PA_1412,30,OK,juillet 2019 (spott)
PA_1413,20,OK,juillet 2019 (spott)
PA_1414,50,OK,septembre 2019 (report)
PA_1415,20,OK,août 2019 (spott)
PA_1416,30,OK,juillet 2019 (spott)
PA_1417,30,Un peu dégradé,septembre 2020
PA_1418,30,OK,septembre 2019 (report)
PA_1419,20,OK,octobre 2019 (report)
PA_1420,50,OK,août 2019 (Instagram)
PA_1421,50,OK,juin 2022 (report)
PA_1422,50,OK,septembre 2019 (report)
PA_1423,30,OK,novembre 2019 (report)
PA_1424,50,OK,octobre 2019 (spott)
PA_1425,30,OK,octobre 2019 (spott)
PA_1426,20,OK,octobre 2019 (spott)
PA_1427,20,OK,octobre 2019 (spott)
PA_1428,30,Détruit !,juin 2022
PA_1429,50,OK,novembre 2019 (report)
PA_1430,50,OK,juin 2022
PA_1431,100,OK,novembre 2019 (report)
PA_1432,100,OK,décembre 2019 (report)
PA_1433,20,OK,mai 2022
PA_1434,30,OK,janvier 2020 (report)
PA_1435,50,Dégradé,novembre 2020 (report)
PA_1436,30,OK,janvier 2020 (report)
PA_1437,50,OK,février 2020 (report)
PA_1438,50,OK,mars 2020 (report)
PA_1439,30,OK,mars 2020 (report)
PA_1440,50,OK,mars 2020 (report)
PA_1441,50,OK,mai 2020
PA_1442,40,OK,mai 2020
PA_1443,40,OK,juillet 2020 (report)
PA_1444,40,OK,juin 2020
PA_1445,50,OK,juin 2020
PA_1446,50,OK,juin 2020
PA_1447,50,OK,novembre 2020 (Instagram)
PA_1448,50,Détruit !,novembre 2021 (Instagram)
PA_1449,20,OK,décembre 2020 (report)
PA_1450,30,OK,janvier 2021
PA_1451,50,OK,décembre 2020 (report)
PA_1452,20,OK,décembre 2020 (report)
PA_1453,30,OK,janvier 2021 (report)
PA_1454,30,OK,janvier 2021 (report)
PA_1455,30,OK,février 2021 (report)
PA_1456,30,OK,février 2021 (report)
PA_1457,20,OK,septembre 2022 (report)
PA_1458,30,OK,février 2021 (report)
PA_1459,30,OK,février 2021 (report)
PA_1460,50,OK,février 2021 (report)
PA_1461,40,OK,avril 2021 (Instagram)
PA_1462,40,OK,avril 2021 (report)
PA_1463,30,OK,mai 2021 (Instagram)
PA_1464,30,OK,mai 2021 (report)
PA_1465,50,OK,mai 2021 (Instagram)
PA_1466,30,Non visible,juillet 2022
PA_1467,50,OK,juin 2021 (report)
PA_1468,50,OK,juillet 2022
PA_1469,40,OK,mai 2022
PA_1470,30,OK,avril 2022 (Live FlashInvaders)
PA_1471,30,OK,mai 2022
PA_1472,30,OK,juillet 2022 (FlashInvaders)
PA_1473,50,OK,septembre 2022
PA_1474,20,OK,octobre 2022
PA_1475,20,OK,octobre 2022
PA_1476,40,OK,octobre 2022
PA_1477,30,OK,octobre 2022 (report)
PA_1478,30,OK,octobre 2022
PA_1479,30,OK,octobre 2022
VRS_0001,30,OK,mai 2019 (spott)
VRS_0002,20,OK,mai 2019 (spott)
VRS_0003,30,Détruit !,mai 2019 (spott)
VRS_0004,20,Détruit !,juin 2019 (report)
VRS_0005,40,OK,juillet 2018 (report)
VRS_0006,30,OK,mai 2019 (spott)
VRS_0007,50,OK,mai 2019 (spott)
VRS_0008,20,OK,juillet 2018 (report)
VRS_0009,30,OK,mai 2019 (spott)
VRS_0010,30,OK,avril 2019 (report)
VRS_0011,40,OK,février 2019 (report)
VRS_0012,20,OK,mai 2019 (spott)
VRS_0013,30,OK,mai 2019 (spott)
VRS_0014,30,OK,juillet 2018 (report)
VRS_0015,40,OK,mai 2019 (spott)
VRS_0016,30,OK,juillet 2018 (report)
VRS_0017,30,OK,juillet 2018 (report)
VRS_0018,30,OK,juillet 2018 (report)
VRS_0019,30,Dégradé,novembre 2020 (report)
VRS_0020,30,Détruit !,mars 2019 (spott)
VRS_0021,40,OK,juillet 2018 (report)
VRS_0022,50,OK,juillet 2018 (report)
VRS_0023,30,Détruit !,mai 2019 (report)
VRS_0024,??,Détruit !,mai 2019 (spott)
VRS_0025,40,Détruit !,juin 2019 (report)
VRS_0026,50,Détruit !,mai 2019 (report)
VRS_0027,40,Détruit !,mai 2019 (report)
VRS_0028,40,Détruit !,juin 2019 (Instagram)
VRS_0029,??,Détruit !,mai 2019 (spott)
VRS_0030,40,Détruit !,juin 2019 (report)
VRS_0031,40,Détruit !,juin 2019 (report)
VRS_0032,??,Détruit !,mai 2019 (spott)
VRS_0033,40,Détruit !,mai 2019 (report)
VRS_0034,30,Dégradé,mai 2019 (spott)
VRS_0035,50,OK,mai 2019 (spott)
VRS_0036,30,OK,mai 2019 (spott)
VRS_0037,40,OK,mai 2019 (spott)
VRS_0038,40,Détruit !,juin 2019 (report)
VRS_0039,20,Détruit !,juin 2019 (report)
VRS_0040,30,OK,mai 2019 (spott)
VRS_0041,100,OK,mai 2019 (spott)
VRS_0042,40,OK,mai 2019 (spott)
